<?xml version="1.0" encoding="UTF-8" standalone="yes"?>
<rest-connector xmlns="http://www.softwareag.com/cloudstreams/metadata/handler/model" id="com.softwareag.cloudstreams.aftership.rest_v4" version="4.0" group="Aftership" name="Aftership" displayName="Aftership">
    <description></description>
    <connections>
        <connection type="sagcloud" name="SAG_Connection" displayName="SAG_Connection">
            <groups>
                <group type="connection" name="connection" displayName="Connection">
                    <description>Define the required connection configurations to initiate communication with the SaaS provider.</description>
                    <fields>
                        <field isRequired="true" isEncrypted="false" isHidden="false" isArray="false" defaultValue="https://api.aftership.com" name="cn.providerUrl" displayName="Server URL">
                            <description>The native provider endpoint target for the connection configuration</description>
                        </field>
                    </fields>
                </group>
                <group type="credentials" name="credentials" displayName="Credentials">
                    <description>Define configurations needed for the username and password based authentication to the SaaS provider.</description>
                    <fields/>
                </group>
            </groups>
        </connection>
    </connections>
    <services>
        <service xmlns:xsi="http://www.w3.org/2001/XMLSchema-instance" xsi:type="RESTServiceType" endpoint="${cn.providerUrl}" name="aftershipservice" displayName="aftershipservice">
            <documentModel packageName="." nsName="com.softwareag.cloudstreams.aftership.rest_v4.aftershipservice.doctypes" useInlineModel="true">
			<abstractObject type="businessObject" name="createObject">
                    <lookup ref="com.softwareag.cloudstreams.aftership.rest_v4.aftershipservice.services.lookup:boList" type="boList" />
                    <lookup ref="com.softwareag.cloudstreams.aftership.rest_v4.aftershipservice.services.lookup:boDescribe" type="boDescribe" />
                </abstractObject>
				 </documentModel>
            <resources>
                <lookups/>
                <mappings>
                    <map isRequired="true" context="IN" name="Content-Type" displayName="Content-Type">
                        <source type="LITERAL">application/json</source>
                        <target type="HEADER">Content-Type</target>
                    </map>
                </mappings>
                <resource method="GET" path="/v4/couriers" type="SIMPLE" name="getGetuseractivatedcouriers" displayName="Get user activated couriers">
                    <mappings/>
                    <parameters/>
                    <responses>
                        <response name="getUserActivatedCouriersResponse" code="200-204" messageFormatterType="application/octet+idataoref" builderType="application/xml" documentRef="com.softwareag.cloudstreams.aftership.rest_v4.aftershipservice.doctypes:getUserActivatedCouriersResponse" excludeRoot="true" dimension="0"/>
                        <response name="errorResponse" code="400-599" messageFormatterType="application/octet+idataoref" builderType="application/xml" documentRef="com.softwareag.cloudstreams.aftership.rest_v4.aftershipservice.doctypes:errorResponse" excludeRoot="true" dimension="0"/>
                    </responses>
                </resource>
                <resource method="GET" path="/v4/couriers/all" type="SIMPLE" name="getGetallcouriers" displayName="Get all couriers">
                    <mappings/>
                    <parameters/>
                    <responses>
                        <response name="getAllCouriersResponse" code="200-204" messageFormatterType="application/octet+idataoref" builderType="application/json" documentRef="com.softwareag.cloudstreams.aftership.rest_v4.aftershipservice.doctypes:getAllCouriersResponse" excludeRoot="true" dimension="0"/>
                        <response name="errorResponse" code="400-599" messageFormatterType="application/octet+idataoref" builderType="application/json" documentRef="com.softwareag.cloudstreams.aftership.rest_v4.aftershipservice.doctypes:errorResponse" excludeRoot="true" dimension="0"/>
                    </responses>
                </resource>
                <resource method="GET" path="/v4/trackings" type="SIMPLE" name="getGettrackings" displayName="Get trackings">
                    <mappings/>
                    <parameters/>
                    <responses>
                        <response name="stream" code="200" messageFormatterType="vnd.sag.cloudstreams+binary" builderType="vnd.sag.cloudstreams+binary" dimension="0"/>
                    </responses>
                </resource>
            </resources>
        </service>
    </services>
</rest-connector>
